time,cluster,region,ensemble_member,x,y,Temperature,RelativeHumidity,Wind_U,Wind_V,Pressure,CloudCover,WindGustSpeed,distance
2000-01-11 00:00:00,0.0,SE1,4.5,189379.00052966102,329143.98146186443,261.79605,0.9128953,0.77455497,0.1428814,102607.98,0.38941956,2.5924382,0.5075034224741993
2000-01-11 00:00:00,0.0,SE2,4.5,14551.631058304398,39558.280207881224,258.8427,0.79800475,-1.2084721,0.95456034,102624.164,0.19139087,3.345804,0.5577658385800007
2000-01-11 00:00:00,0.0,SE3,4.5,-2779.5236672794117,-401977.6525735294,268.79047,0.984157,-3.082971,-0.47737366,102350.08,0.9189201,6.671868,0.5124430815218238
2000-01-11 00:00:00,0.0,SE4,4.5,72276.49851190476,-681235.3869047619,274.78033,0.91891366,-3.3455863,1.3891937,102007.016,0.92403054,6.263714,0.5125950810811305
2000-01-11 00:00:00,1.0,SE1,4.5,270273.2144396552,267221.1223060345,262.87585,0.97988874,1.0753751,-0.676074,102663.516,0.67547333,2.8700116,0.5446180482607175
2000-01-11 00:00:00,1.0,SE2,4.5,153139.59375,139836.05729166666,261.8219,0.8073395,0.50335896,0.89924735,102607.555,0.173113,2.537074,0.49046944267167353
2000-01-11 00:00:00,1.0,SE3,4.5,-141450.9234913793,-510020.2596982759,274.055,0.96171355,-3.1724293,-0.19757187,101952.06,0.9967254,5.8394465,0.4943234362317953
2000-01-11 00:00:00,1.0,SE4,4.5,-130593.5143581081,-697709.0033783783,275.29056,0.9638111,-3.7359986,1.383538,101753.28,0.9999873,7.1854534,0.5247444273735107
2000-01-11 00:00:00,2.0,SE1,4.5,341104.33733974356,437848.8934294872,263.10684,0.9963887,0.4486707,-0.39050704,102660.55,0.9220205,2.1908283,0.5293631369439763
2000-01-11 00:00:00,2.0,SE2,4.5,74714.59375,-110530.609375,261.39502,0.7197029,-0.22516553,0.35619974,102645.94,0.08304541,2.7073083,0.5386118501409444
2000-01-11 00:00:00,2.0,SE3,4.5,193514.59375,-585330.6229166667,276.1217,0.8428902,-6.03928,2.051575,102222.53,0.3830314,9.157773,0.551341566946173
2000-01-11 00:00:00,2.0,SE4,4.5,-86695.93256578948,-808804.3092105263,276.1825,0.9695118,-3.364834,0.86735713,101689.3,0.9981343,6.3868527,0.4674811314876194
2000-01-11 01:00:00,0.0,SE1,4.5,189379.00052966102,329143.98146186443,261.61423,0.9161328,0.7567479,0.24896172,102620.98,0.33421817,2.5843575,0.5075034224741993
2000-01-11 01:00:00,0.0,SE2,4.5,14551.631058304398,39558.280207881224,258.73648,0.796494,-1.0710076,1.0100254,102662.086,0.24784693,3.1545072,0.5577658385800007
2000-01-11 01:00:00,0.0,SE3,4.5,-2779.5236672794117,-401977.6525735294,268.9243,0.9872477,-3.0712073,-0.51240665,102369.9,0.9665826,6.736426,0.5124430815218238
2000-01-11 01:00:00,0.0,SE4,4.5,72276.49851190476,-681235.3869047619,274.7189,0.92030436,-3.1861715,1.0996209,102010.81,0.93111175,5.8673987,0.5125950810811305
2000-01-11 01:00:00,1.0,SE1,4.5,270273.2144396552,267221.1223060345,262.88443,0.98072493,1.0750499,-0.528169,102687.4,0.7344043,2.7378886,0.5446180482607175
2000-01-11 01:00:00,1.0,SE2,4.5,153139.59375,139836.05729166666,261.74197,0.8073399,0.86144763,0.89477295,102643.98,0.1781725,2.783989,0.49046944267167353
2000-01-11 01:00:00,1.0,SE3,4.5,-141450.9234913793,-510020.2596982759,273.99826,0.96358514,-3.1909556,-0.066408105,101971.52,0.99935156,5.8432493,0.4943234362317953
2000-01-11 01:00:00,1.0,SE4,4.5,-130593.5143581081,-697709.0033783783,275.2743,0.96508706,-3.5687008,1.1747781,101775.875,0.99996954,6.735584,0.5247444273735107
2000-01-11 01:00:00,2.0,SE1,4.5,341104.33733974356,437848.8934294872,263.1357,0.99698824,0.21615995,-0.23293135,102685.28,0.94493985,2.0578687,0.5293631369439763
2000-01-11 01:00:00,2.0,SE2,4.5,74714.59375,-110530.609375,261.42996,0.73144495,-0.038090393,0.2740067,102676.81,0.0878158,2.660055,0.5386118501409444
2000-01-11 01:00:00,2.0,SE3,4.5,193514.59375,-585330.6229166667,276.08493,0.8453884,-5.9479904,1.8753047,102239.414,0.34955627,8.960035,0.551341566946173
2000-01-11 01:00:00,2.0,SE4,4.5,-86695.93256578948,-808804.3092105263,276.14102,0.9699593,-3.315259,0.69018483,101710.7,0.9985722,5.972916,0.4674811314876194
2000-01-11 02:00:00,0.0,SE1,4.5,189379.00052966102,329143.98146186443,261.44937,0.91482955,0.9308922,0.3395474,102646.484,0.33784267,2.5497518,0.5075034224741993
2000-01-11 02:00:00,0.0,SE2,4.5,14551.631058304398,39558.280207881224,258.61844,0.79515386,-1.0269777,1.0412707,102695.38,0.36426955,3.0445569,0.5577658385800007
2000-01-11 02:00:00,0.0,SE3,4.5,-2779.5236672794117,-401977.6525735294,268.9925,0.98933756,-3.1292405,-0.5900465,102390.56,0.9840501,6.7894692,0.5124430815218238
2000-01-11 02:00:00,0.0,SE4,4.5,72276.49851190476,-681235.3869047619,274.6785,0.92080724,-3.066205,0.93183887,102026.55,0.905207,5.538313,0.5125950810811305
2000-01-11 02:00:00,1.0,SE1,4.5,270273.2144396552,267221.1223060345,262.88077,0.98189884,0.9384528,-0.41208246,102711.4,0.75338453,2.6828842,0.5446180482607175
2000-01-11 02:00:00,1.0,SE2,4.5,153139.59375,139836.05729166666,261.67444,0.8078472,0.8588694,0.81357455,102669.63,0.17606252,2.9521694,0.49046944267167353
2000-01-11 02:00:00,1.0,SE3,4.5,-141450.9234913793,-510020.2596982759,273.9479,0.9662774,-3.1924343,-0.0010153211,101979.83,0.9997402,5.893919,0.4943234362317953
2000-01-11 02:00:00,1.0,SE4,4.5,-130593.5143581081,-697709.0033783783,275.2519,0.9657616,-3.601466,1.1110387,101790.59,0.9999293,6.513859,0.5247444273735107
2000-01-11 02:00:00,2.0,SE1,4.5,341104.33733974356,437848.8934294872,263.19156,0.9974246,-0.045124497,-0.022147149,102708.12,0.9796365,1.8490596,0.5293631369439763
2000-01-11 02:00:00,2.0,SE2,4.5,74714.59375,-110530.609375,261.36935,0.7505707,-0.053010814,0.1780139,102700.086,0.17098199,2.643307,0.5386118501409444
2000-01-11 02:00:00,2.0,SE3,4.5,193514.59375,-585330.6229166667,276.0239,0.8468633,-5.855483,1.6775286,102253.266,0.32268256,8.688385,0.551341566946173
2000-01-11 02:00:00,2.0,SE4,4.5,-86695.93256578948,-808804.3092105263,276.10428,0.97008324,-3.4194474,0.43253323,101723.17,0.99626815,5.9087873,0.4674811314876194
2000-01-11 03:00:00,0.0,SE1,4.5,189379.00052966102,329143.98146186443,261.26703,0.91503596,1.0650319,0.37969846,102656.52,0.38495964,2.6479878,0.5075034224741993
2000-01-11 03:00:00,0.0,SE2,4.5,14551.631058304398,39558.280207881224,258.5433,0.7914078,-0.8989027,1.0276169,102722.18,0.4674166,2.9611053,0.5577658385800007
2000-01-11 03:00:00,0.0,SE3,4.5,-2779.5236672794117,-401977.6525735294,269.10062,0.9896958,-3.0581605,-0.7132476,102404.22,0.9902569,6.762625,0.5124430815218238
2000-01-11 03:00:00,0.0,SE4,4.5,72276.49851190476,-681235.3869047619,274.66306,0.922746,-3.0857306,0.680081,102050.516,0.8758014,5.354185,0.5125950810811305
2000-01-11 03:00:00,1.0,SE1,4.5,270273.2144396552,267221.1223060345,262.8703,0.9825314,0.9428835,-0.2917004,102734.89,0.79103786,2.6965792,0.5446180482607175
2000-01-11 03:00:00,1.0,SE2,4.5,153139.59375,139836.05729166666,261.5497,0.8114669,1.005352,0.70451486,102689.03,0.24089165,3.02569,0.49046944267167353
2000-01-11 03:00:00,1.0,SE3,4.5,-141450.9234913793,-510020.2596982759,273.9262,0.96758693,-3.1354747,0.021969786,101992.03,0.9998881,5.807357,0.4943234362317953
2000-01-11 03:00:00,1.0,SE4,4.5,-130593.5143581081,-697709.0033783783,275.2381,0.96536666,-3.6238265,1.0852636,101818.0,0.999933,6.5097804,0.5247444273735107
2000-01-11 03:00:00,2.0,SE1,4.5,341104.33733974356,437848.8934294872,263.31592,0.9975385,-0.06449403,0.15493865,102727.84,0.9918904,1.7199379,0.5293631369439763
2000-01-11 03:00:00,2.0,SE2,4.5,74714.59375,-110530.609375,261.32614,0.76878285,-0.097052395,0.097831585,102716.3,0.2878631,2.5983624,0.5386118501409444
2000-01-11 03:00:00,2.0,SE3,4.5,193514.59375,-585330.6229166667,275.95322,0.8483592,-5.7012515,1.5609704,102259.22,0.35625508,8.468635,0.551341566946173
2000-01-11 03:00:00,2.0,SE4,4.5,-86695.93256578948,-808804.3092105263,276.0645,0.96888256,-3.5200083,0.30095083,101750.945,0.9987735,6.0803194,0.4674811314876194
2000-01-11 04:00:00,0.0,SE1,4.5,189379.00052966102,329143.98146186443,261.08157,0.91157854,1.0211867,0.47263542,102627.05,0.46079165,2.7029588,0.5075034224741993
2000-01-11 04:00:00,0.0,SE2,4.5,14551.631058304398,39558.280207881224,258.38864,0.79184973,-0.6916314,1.1218928,102721.58,0.5438905,2.8822708,0.5577658385800007
2000-01-11 04:00:00,0.0,SE3,4.5,-2779.5236672794117,-401977.6525735294,269.17453,0.9895595,-3.0058844,-0.8342471,102401.445,0.98890936,6.753422,0.5124430815218238
2000-01-11 04:00:00,0.0,SE4,4.5,72276.49851190476,-681235.3869047619,274.60007,0.9241383,-3.1466405,0.38719925,102057.41,0.83378124,5.313483,0.5125950810811305
2000-01-11 04:00:00,1.0,SE1,4.5,270273.2144396552,267221.1223060345,262.81168,0.98303205,0.80914897,-0.22858566,102725.42,0.8250465,2.643444,0.5446180482607175
2000-01-11 04:00:00,1.0,SE2,4.5,153139.59375,139836.05729166666,261.40756,0.815726,1.3025358,0.6605779,102699.95,0.33900183,3.068591,0.49046944267167353
2000-01-11 04:00:00,1.0,SE3,4.5,-141450.9234913793,-510020.2596982759,273.89566,0.9695427,-3.0986223,-0.0008874827,102007.086,0.9999996,5.707276,0.4943234362317953
2000-01-11 04:00:00,1.0,SE4,4.5,-130593.5143581081,-697709.0033783783,275.2187,0.9652922,-3.5764475,1.084209,101832.15,0.99990755,6.4582925,0.5247444273735107
2000-01-11 04:00:00,2.0,SE1,4.5,341104.33733974356,437848.8934294872,263.45895,0.997677,-0.17644484,0.21867265,102740.52,0.9973297,1.7888061,0.5293631369439763
2000-01-11 04:00:00,2.0,SE2,4.5,74714.59375,-110530.609375,261.22116,0.78992313,0.08456793,0.07435895,102718.69,0.4420403,2.6267772,0.5386118501409444
2000-01-11 04:00:00,2.0,SE3,4.5,193514.59375,-585330.6229166667,275.88083,0.8498014,-5.800808,1.4744514,102248.36,0.30101237,8.375282,0.551341566946173
2000-01-11 04:00:00,2.0,SE4,4.5,-86695.93256578948,-808804.3092105263,276.01166,0.9683131,-3.4213865,0.16749227,101760.695,0.9988963,6.1399984,0.4674811314876194
2000-01-11 05:00:00,0.0,SE1,4.5,189379.00052966102,329143.98146186443,260.81363,0.91217273,0.91279876,0.6679468,102629.234,0.57878554,2.7637017,0.5075034224741993
2000-01-11 05:00:00,0.0,SE2,4.5,14551.631058304398,39558.280207881224,258.26575,0.7931036,-0.54531425,1.1463283,102713.19,0.63413936,2.810834,0.5577658385800007
2000-01-11 05:00:00,0.0,SE3,4.5,-2779.5236672794117,-401977.6525735294,269.24512,0.98931473,-3.1433992,-0.83324856,102411.1,0.99431,6.793539,0.5124430815218238
2000-01-11 05:00:00,0.0,SE4,4.5,72276.49851190476,-681235.3869047619,274.5449,0.92381114,-3.1697824,0.26497838,102072.055,0.79588324,5.311505,0.5125950810811305
2000-01-11 05:00:00,1.0,SE1,4.5,270273.2144396552,267221.1223060345,262.77496,0.9832045,0.6290447,-0.0680852,102741.41,0.8620696,2.569365,0.5446180482607175
2000-01-11 05:00:00,1.0,SE2,4.5,153139.59375,139836.05729166666,261.25717,0.8160588,1.2385167,0.5518734,102704.91,0.42116007,3.03835,0.49046944267167353
2000-01-11 05:00:00,1.0,SE3,4.5,-141450.9234913793,-510020.2596982759,273.86877,0.97052264,-3.1268468,0.009005145,102030.21,0.99998707,5.6843233,0.4943234362317953
2000-01-11 05:00:00,1.0,SE4,4.5,-130593.5143581081,-697709.0033783783,275.1863,0.9649915,-3.494439,1.0827409,101853.84,0.9997681,6.4144187,0.5247444273735107
2000-01-11 05:00:00,2.0,SE1,4.5,341104.33733974356,437848.8934294872,263.55707,0.9977464,-0.3700181,0.34486976,102754.664,1.0,1.9225445,0.5293631369439763
2000-01-11 05:00:00,2.0,SE2,4.5,74714.59375,-110530.609375,261.21646,0.8039618,0.17085613,-0.0090700835,102718.77,0.54674685,2.663411,0.5386118501409444
2000-01-11 05:00:00,2.0,SE3,4.5,193514.59375,-585330.6229166667,275.83456,0.84967047,-5.8194804,1.548174,102252.95,0.19393894,8.3683815,0.551341566946173
2000-01-11 05:00:00,2.0,SE4,4.5,-86695.93256578948,-808804.3092105263,275.95377,0.96723187,-3.395128,-0.018768532,101776.48,0.9990609,5.9954686,0.4674811314876194
2000-01-11 06:00:00,0.0,SE1,4.5,189379.00052966102,329143.98146186443,260.55334,0.9158901,0.7737374,0.7716497,102663.41,0.715114,2.7493496,0.5075034224741993
2000-01-11 06:00:00,0.0,SE2,4.5,14551.631058304398,39558.280207881224,258.26025,0.7920068,-0.5501558,1.2035288,102705.555,0.66778827,2.755205,0.5577658385800007
2000-01-11 06:00:00,0.0,SE3,4.5,-2779.5236672794117,-401977.6525735294,269.28247,0.9889441,-3.2688634,-0.71765816,102443.85,0.9955138,6.913701,0.5124430815218238
2000-01-11 06:00:00,0.0,SE4,4.5,72276.49851190476,-681235.3869047619,274.44244,0.92331415,-3.2139883,0.16226536,102095.414,0.74728286,5.3317533,0.5125950810811305
2000-01-11 06:00:00,1.0,SE1,4.5,270273.2144396552,267221.1223060345,262.75714,0.98241335,0.45625302,0.14646329,102784.45,0.8817504,2.466472,0.5446180482607175
2000-01-11 06:00:00,1.0,SE2,4.5,153139.59375,139836.05729166666,261.12988,0.8109133,0.98857343,0.5754937,102704.82,0.5038017,2.8900237,0.49046944267167353
2000-01-11 06:00:00,1.0,SE3,4.5,-141450.9234913793,-510020.2596982759,273.86356,0.9705162,-3.0843308,0.1852404,102072.09,0.9999948,5.652936,0.4943234362317953
2000-01-11 06:00:00,1.0,SE4,4.5,-130593.5143581081,-697709.0033783783,275.14862,0.96406275,-3.5090594,0.8955327,101896.69,0.99997205,6.339575,0.5247444273735107
2000-01-11 06:00:00,2.0,SE1,4.5,341104.33733974356,437848.8934294872,263.6401,0.99788576,-0.35867557,0.7363401,102762.3,1.0,2.1470854,0.5293631369439763
2000-01-11 06:00:00,2.0,SE2,4.5,74714.59375,-110530.609375,261.18207,0.821785,0.117571995,-0.04482806,102734.03,0.5877886,2.682799,0.5386118501409444
2000-01-11 06:00:00,2.0,SE3,4.5,193514.59375,-585330.6229166667,275.78632,0.84859896,-5.774107,1.5444051,102276.19,0.18534966,8.287683,0.551341566946173
2000-01-11 06:00:00,2.0,SE4,4.5,-86695.93256578948,-808804.3092105263,275.90735,0.9653575,-3.5326366,-0.2815536,101808.05,0.99847394,6.181036,0.4674811314876194
2000-01-11 07:00:00,0.0,SE1,4.5,189379.00052966102,329143.98146186443,260.34647,0.91298026,0.46013412,0.80869526,102671.31,0.8005991,2.758501,0.5075034224741993
2000-01-11 07:00:00,0.0,SE2,4.5,14551.631058304398,39558.280207881224,258.2664,0.79691094,-0.5011468,1.2104297,102708.67,0.75165945,2.796638,0.5577658385800007
2000-01-11 07:00:00,0.0,SE3,4.5,-2779.5236672794117,-401977.6525735294,269.335,0.98891735,-3.3203876,-0.5253317,102488.52,0.99844116,6.9805555,0.5124430815218238
2000-01-11 07:00:00,0.0,SE4,4.5,72276.49851190476,-681235.3869047619,274.32132,0.9231814,-3.1363661,0.1296342,102138.02,0.6809169,5.277066,0.5125950810811305
2000-01-11 07:00:00,1.0,SE1,4.5,270273.2144396552,267221.1223060345,262.7464,0.9802488,0.42916602,0.27681878,102799.19,0.90797603,2.3869462,0.5446180482607175
2000-01-11 07:00:00,1.0,SE2,4.5,153139.59375,139836.05729166666,260.97308,0.80636245,0.8036963,0.68238807,102712.96,0.5295076,2.8104646,0.49046944267167353
2000-01-11 07:00:00,1.0,SE3,4.5,-141450.9234913793,-510020.2596982759,273.88043,0.9696778,-2.9355278,0.33370268,102120.61,0.9999684,5.5222173,0.4943234362317953
2000-01-11 07:00:00,1.0,SE4,4.5,-130593.5143581081,-697709.0033783783,275.09808,0.9631191,-3.6590466,0.7718312,101947.22,0.99800503,6.4654617,0.5247444273735107
2000-01-11 07:00:00,2.0,SE1,4.5,341104.33733974356,437848.8934294872,263.73,0.99768955,-0.34754574,1.0269749,102771.5,1.0,2.3956592,0.5293631369439763
2000-01-11 07:00:00,2.0,SE2,4.5,74714.59375,-110530.609375,261.16342,0.8423659,-0.092994176,0.05159793,102748.414,0.642132,2.7671092,0.5386118501409444
2000-01-11 07:00:00,2.0,SE3,4.5,193514.59375,-585330.6229166667,275.71964,0.84811056,-5.693374,1.5312392,102309.445,0.20967394,8.183943,0.551341566946173
2000-01-11 07:00:00,2.0,SE4,4.5,-86695.93256578948,-808804.3092105263,275.846,0.96115386,-3.707222,-0.48627788,101851.59,0.9941332,6.4475107,0.4674811314876194
2000-01-11 08:00:00,0.0,SE1,4.5,189379.00052966102,329143.98146186443,260.22122,0.9103513,0.39656797,0.952714,102684.78,0.877288,2.7948303,0.5075034224741993
2000-01-11 08:00:00,0.0,SE2,4.5,14551.631058304398,39558.280207881224,258.28235,0.80182326,-0.5495969,1.187826,102740.21,0.89745086,2.859749,0.5577658385800007
2000-01-11 08:00:00,0.0,SE3,4.5,-2779.5236672794117,-401977.6525735294,269.4083,0.9887926,-3.297648,-0.4762979,102542.18,0.9996477,6.946722,0.5124430815218238
2000-01-11 08:00:00,0.0,SE4,4.5,72276.49851190476,-681235.3869047619,274.19904,0.9242315,-3.0340233,0.1003741,102191.0,0.6233767,5.1355057,0.5125950810811305
2000-01-11 08:00:00,1.0,SE1,4.5,270273.2144396552,267221.1223060345,262.70135,0.97905517,0.4637747,0.5378644,102809.78,0.9234959,2.4592555,0.5446180482607175
2000-01-11 08:00:00,1.0,SE2,4.5,153139.59375,139836.05729166666,260.80502,0.8049263,0.73765737,0.8738619,102757.09,0.63235253,2.785286,0.49046944267167353
2000-01-11 08:00:00,1.0,SE3,4.5,-141450.9234913793,-510020.2596982759,273.88275,0.96846366,-2.7260733,0.2615477,102181.46,0.99877876,5.208279,0.4943234362317953
2000-01-11 08:00:00,1.0,SE4,4.5,-130593.5143581081,-697709.0033783783,275.01852,0.9621507,-3.519672,0.59996957,102007.81,0.9932606,6.431632,0.5247444273735107
2000-01-11 08:00:00,2.0,SE1,4.5,341104.33733974356,437848.8934294872,263.80145,0.9973711,-0.513792,1.1135317,102816.34,1.0,2.6495543,0.5293631369439763
2000-01-11 08:00:00,2.0,SE2,4.5,74714.59375,-110530.609375,261.27298,0.8587636,-0.099587515,0.16709113,102800.984,0.7398298,2.719263,0.5386118501409444
2000-01-11 08:00:00,2.0,SE3,4.5,193514.59375,-585330.6229166667,275.65582,0.8471114,-5.5920863,1.4284033,102361.89,0.25901613,8.005389,0.551341566946173
2000-01-11 08:00:00,2.0,SE4,4.5,-86695.93256578948,-808804.3092105263,275.73703,0.9568015,-3.8691916,-0.60900295,101901.63,0.9856916,6.76441,0.4674811314876194
2000-01-11 09:00:00,0.0,SE1,4.5,189379.00052966102,329143.98146186443,260.11343,0.90874636,0.7447753,1.1946906,102734.266,0.9101511,2.9722302,0.5075034224741993
2000-01-11 09:00:00,0.0,SE2,4.5,14551.631058304398,39558.280207881224,258.38882,0.81175584,-1.044327,1.3727186,102774.49,0.9315618,3.1437976,0.5577658385800007
2000-01-11 09:00:00,0.0,SE3,4.5,-2779.5236672794117,-401977.6525735294,269.4914,0.9883305,-3.2574894,-0.55104667,102610.945,0.9981325,6.889207,0.5124430815218238
2000-01-11 09:00:00,0.0,SE4,4.5,72276.49851190476,-681235.3869047619,274.12762,0.9260944,-3.1060956,0.0005923044,102256.15,0.59718466,5.0991187,0.5125950810811305
2000-01-11 09:00:00,1.0,SE1,4.5,270273.2144396552,267221.1223060345,262.6657,0.97749823,0.7901417,0.9059613,102858.28,0.92153233,2.9032898,0.5446180482607175
2000-01-11 09:00:00,1.0,SE2,4.5,153139.59375,139836.05729166666,260.69885,0.8059556,0.48534232,1.0564439,102810.43,0.81124985,2.923916,0.49046944267167353
2000-01-11 09:00:00,1.0,SE3,4.5,-141450.9234913793,-510020.2596982759,273.87592,0.9673111,-2.5406234,0.07907045,102270.27,0.98981124,4.826108,0.4943234362317953
2000-01-11 09:00:00,1.0,SE4,4.5,-130593.5143581081,-697709.0033783783,274.9069,0.9598458,-3.3690062,0.48644927,102089.234,0.9768795,6.17111,0.5247444273735107
2000-01-11 09:00:00,2.0,SE1,4.5,341104.33733974356,437848.8934294872,263.85483,0.9970573,-0.6708497,1.1137769,102864.375,1.0,2.81494,0.5293631369439763
2000-01-11 09:00:00,2.0,SE2,4.5,74714.59375,-110530.609375,261.48288,0.8734628,-0.15874717,0.2996404,102875.75,0.8691064,2.7594726,0.5386118501409444
2000-01-11 09:00:00,2.0,SE3,4.5,193514.59375,-585330.6229166667,275.6387,0.845316,-5.489412,1.2964898,102432.43,0.4278945,7.8603435,0.551341566946173
2000-01-11 09:00:00,2.0,SE4,4.5,-86695.93256578948,-808804.3092105263,275.6451,0.95104665,-3.8636796,-0.7089377,101977.41,0.96013457,6.859731,0.4674811314876194
2000-01-11 10:00:00,0.0,SE1,4.5,189379.00052966102,329143.98146186443,260.0729,0.904793,0.7530489,1.2052346,102773.305,0.9151898,3.0913928,0.5075034224741993
2000-01-11 10:00:00,0.0,SE2,4.5,14551.631058304398,39558.280207881224,258.46115,0.823565,-1.179163,1.3706944,102827.164,0.9477921,3.5644827,0.5577658385800007
2000-01-11 10:00:00,0.0,SE3,4.5,-2779.5236672794117,-401977.6525735294,269.6961,0.9864549,-3.2641857,-0.61894715,102676.195,0.9983645,6.880674,0.5124430815218238
2000-01-11 10:00:00,0.0,SE4,4.5,72276.49851190476,-681235.3869047619,274.48358,0.9256264,-3.0624025,-0.031746175,102308.266,0.5655167,5.1786814,0.5125950810811305
2000-01-11 10:00:00,1.0,SE1,4.5,270273.2144396552,267221.1223060345,262.5855,0.97624576,0.8204122,0.8576165,102904.914,0.9252168,3.100194,0.5446180482607175
2000-01-11 10:00:00,1.0,SE2,4.5,153139.59375,139836.05729166666,260.61847,0.8128195,0.21229604,1.2913573,102859.02,0.86082256,3.1010869,0.49046944267167353
2000-01-11 10:00:00,1.0,SE3,4.5,-141450.9234913793,-510020.2596982759,273.90686,0.9669461,-2.4599185,-0.06341246,102347.9,0.98492265,4.552494,0.4943234362317953
2000-01-11 10:00:00,1.0,SE4,4.5,-130593.5143581081,-697709.0033783783,274.90927,0.9578318,-3.1393158,0.24205756,102157.14,0.9519654,5.835646,0.5247444273735107
2000-01-11 10:00:00,2.0,SE1,4.5,341104.33733974356,437848.8934294872,263.9155,0.9966907,-0.42317188,1.2983416,102914.15,1.0,2.9015927,0.5293631369439763
2000-01-11 10:00:00,2.0,SE2,4.5,74714.59375,-110530.609375,261.89505,0.8885236,-0.28272393,0.5220983,102933.25,0.92743933,2.8134053,0.5386118501409444
2000-01-11 10:00:00,2.0,SE3,4.5,193514.59375,-585330.6229166667,275.8283,0.8385414,-5.519241,1.1658746,102478.12,0.5975653,7.8293724,0.551341566946173
2000-01-11 10:00:00,2.0,SE4,4.5,-86695.93256578948,-808804.3092105263,275.72156,0.94522053,-3.87912,-0.8071758,102030.3,0.9205405,6.83879,0.4674811314876194
2000-01-11 11:00:00,0.0,SE1,4.5,189379.00052966102,329143.98146186443,260.14383,0.8992055,0.8398634,1.1795131,102799.98,0.94427305,3.128157,0.5075034224741993
2000-01-11 11:00:00,0.0,SE2,4.5,14551.631058304398,39558.280207881224,258.9358,0.82766074,-1.171914,1.3600906,102892.35,0.957514,3.663567,0.5577658385800007
2000-01-11 11:00:00,0.0,SE3,4.5,-2779.5236672794117,-401977.6525735294,270.0465,0.98196846,-3.2147572,-0.65923005,102749.08,0.99838537,6.819745,0.5124430815218238
2000-01-11 11:00:00,0.0,SE4,4.5,72276.49851190476,-681235.3869047619,275.08594,0.9216161,-2.9587262,-0.1299929,102375.86,0.592403,5.192886,0.5125950810811305
2000-01-11 11:00:00,1.0,SE1,4.5,270273.2144396552,267221.1223060345,262.59366,0.9735676,0.77444166,0.8604737,102935.49,0.93871325,3.140303,0.5446180482607175
2000-01-11 11:00:00,1.0,SE2,4.5,153139.59375,139836.05729166666,260.887,0.8204965,0.3461222,1.4974735,102923.16,0.88009727,3.3217216,0.49046944267167353
2000-01-11 11:00:00,1.0,SE3,4.5,-141450.9234913793,-510020.2596982759,274.0315,0.96584207,-2.518613,-0.12383816,102409.234,0.9719758,4.5529313,0.4943234362317953
2000-01-11 11:00:00,1.0,SE4,4.5,-130593.5143581081,-697709.0033783783,275.02502,0.95361954,-3.1788967,0.03930193,102218.47,0.9164263,5.68157,0.5247444273735107
2000-01-11 11:00:00,2.0,SE1,4.5,341104.33733974356,437848.8934294872,263.97067,0.996143,-0.20209566,1.4265935,102941.55,1.0,2.9999797,0.5293631369439763
2000-01-11 11:00:00,2.0,SE2,4.5,74714.59375,-110530.609375,262.62265,0.9075836,-0.2576397,0.65420187,102985.84,0.96029824,2.7394762,0.5386118501409444
2000-01-11 11:00:00,2.0,SE3,4.5,193514.59375,-585330.6229166667,276.08624,0.8273965,-5.4949923,1.0588204,102528.39,0.7151625,7.8597574,0.551341566946173
2000-01-11 11:00:00,2.0,SE4,4.5,-86695.93256578948,-808804.3092105263,275.9089,0.9390683,-4.016432,-0.8713577,102087.03,0.88942045,6.972654,0.4674811314876194
2000-01-11 12:00:00,0.0,SE1,4.5,189379.00052966102,329143.98146186443,260.33115,0.89397424,0.89114195,1.2746929,102820.97,0.93420196,3.231729,0.5075034224741993
2000-01-11 12:00:00,0.0,SE2,4.5,14551.631058304398,39558.280207881224,259.62445,0.83672553,-1.2586894,1.3402473,102952.36,0.96728,3.6884625,0.5577658385800007
2000-01-11 12:00:00,0.0,SE3,4.5,-2779.5236672794117,-401977.6525735294,270.43463,0.9772625,-3.2321572,-0.6259714,102779.78,0.9973242,6.712296,0.5124430815218238
2000-01-11 12:00:00,0.0,SE4,4.5,72276.49851190476,-681235.3869047619,275.52075,0.9163943,-2.915356,-0.41180474,102429.45,0.66599214,5.276737,0.5125950810811305
2000-01-11 12:00:00,1.0,SE1,4.5,270273.2144396552,267221.1223060345,262.67004,0.968897,0.9085843,1.0040779,102961.26,0.94272923,3.2472508,0.5446180482607175
2000-01-11 12:00:00,1.0,SE2,4.5,153139.59375,139836.05729166666,261.44995,0.8236605,0.48323652,1.7247453,102960.1,0.8774834,3.5611405,0.49046944267167353
2000-01-11 12:00:00,1.0,SE3,4.5,-141450.9234913793,-510020.2596982759,274.18372,0.96354747,-2.4384549,-0.31073552,102467.04,0.9441747,4.62988,0.4943234362317953
2000-01-11 12:00:00,1.0,SE4,4.5,-130593.5143581081,-697709.0033783783,275.18637,0.9486395,-3.1900787,-0.13175227,102254.41,0.9044186,5.778537,0.5247444273735107
2000-01-11 12:00:00,2.0,SE1,4.5,341104.33733974356,437848.8934294872,264.0578,0.9953648,-0.26627252,1.4769973,102950.24,1.0,3.1167073,0.5293631369439763
2000-01-11 12:00:00,2.0,SE2,4.5,74714.59375,-110530.609375,263.44186,0.9208689,-0.23780602,0.58266944,103031.57,0.9800394,2.5760245,0.5386118501409444
2000-01-11 12:00:00,2.0,SE3,4.5,193514.59375,-585330.6229166667,276.22433,0.81683576,-5.3744626,0.80204844,102584.12,0.8238831,7.831286,0.551341566946173
2000-01-11 12:00:00,2.0,SE4,4.5,-86695.93256578948,-808804.3092105263,276.14233,0.92877334,-4.35707,-0.81777304,102115.87,0.8760087,7.4923406,0.4674811314876194
2000-01-11 13:00:00,0.0,SE1,4.5,189379.00052966102,329143.98146186443,260.49976,0.88492334,0.9921595,1.3921176,102839.92,0.91669524,3.436936,0.5075034224741993
2000-01-11 13:00:00,0.0,SE2,4.5,14551.631058304398,39558.280207881224,260.16974,0.8478446,-1.2905018,1.3197497,102995.47,0.96979266,3.787285,0.5577658385800007
2000-01-11 13:00:00,0.0,SE3,4.5,-2779.5236672794117,-401977.6525735294,270.7961,0.9723972,-3.0039775,-0.5534975,102810.99,0.99223846,6.5032334,0.5124430815218238
2000-01-11 13:00:00,0.0,SE4,4.5,72276.49851190476,-681235.3869047619,275.6976,0.9127052,-3.0845668,-0.70854396,102457.03,0.6845362,5.4590425,0.5125950810811305
2000-01-11 13:00:00,1.0,SE1,4.5,270273.2144396552,267221.1223060345,262.67267,0.9634495,1.1415207,1.1169486,102980.36,0.94988436,3.4644983,0.5446180482607175
2000-01-11 13:00:00,1.0,SE2,4.5,153139.59375,139836.05729166666,261.82053,0.8322693,0.76899016,1.79055,102993.99,0.89415467,3.8263776,0.49046944267167353
2000-01-11 13:00:00,1.0,SE3,4.5,-141450.9234913793,-510020.2596982759,274.2479,0.96247435,-2.5642974,-0.53022695,102517.61,0.9446046,4.725667,0.4943234362317953
2000-01-11 13:00:00,1.0,SE4,4.5,-130593.5143581081,-697709.0033783783,275.3614,0.9414391,-3.0859401,-0.3508765,102295.734,0.9030887,5.6932716,0.5247444273735107
2000-01-11 13:00:00,2.0,SE1,4.5,341104.33733974356,437848.8934294872,264.10767,0.9943133,-0.29993567,1.5998592,102964.16,1.0,3.259199,0.5293631369439763
2000-01-11 13:00:00,2.0,SE2,4.5,74714.59375,-110530.609375,263.99615,0.93289435,-0.32080814,0.43604982,103063.63,0.9783271,2.4660256,0.5386118501409444
2000-01-11 13:00:00,2.0,SE3,4.5,193514.59375,-585330.6229166667,276.18243,0.81227297,-5.489076,0.6579915,102627.664,0.87194717,7.8652406,0.551341566946173
2000-01-11 13:00:00,2.0,SE4,4.5,-86695.93256578948,-808804.3092105263,276.2911,0.91791147,-4.537861,-0.94247633,102141.47,0.8645221,7.935419,0.4674811314876194
2000-01-11 14:00:00,0.0,SE1,4.5,189379.00052966102,329143.98146186443,260.43164,0.8763474,1.0442239,1.4319379,102845.27,0.92621344,3.6039305,0.5075034224741993
2000-01-11 14:00:00,0.0,SE2,4.5,14551.631058304398,39558.280207881224,260.25443,0.8637111,-1.1717997,1.4810851,103022.87,0.95467824,3.8636262,0.5577658385800007
2000-01-11 14:00:00,0.0,SE3,4.5,-2779.5236672794117,-401977.6525735294,271.00458,0.970665,-2.7802505,-0.61133707,102845.44,0.9963883,6.057055,0.5124430815218238
2000-01-11 14:00:00,0.0,SE4,4.5,72276.49851190476,-681235.3869047619,275.581,0.9149263,-3.1193316,-0.97772753,102488.12,0.6516444,5.577023,0.5125950810811305
2000-01-11 14:00:00,1.0,SE1,4.5,270273.2144396552,267221.1223060345,262.46393,0.9573735,1.181485,1.2223154,103001.82,0.96703476,3.67601,0.5446180482607175
2000-01-11 14:00:00,1.0,SE2,4.5,153139.59375,139836.05729166666,261.79648,0.8393213,0.95243275,1.770418,103013.93,0.9111486,3.951778,0.49046944267167353
2000-01-11 14:00:00,1.0,SE3,4.5,-141450.9234913793,-510020.2596982759,274.22244,0.96174985,-2.7607126,-0.63864815,102554.28,0.94195366,5.038292,0.4943234362317953
2000-01-11 14:00:00,1.0,SE4,4.5,-130593.5143581081,-697709.0033783783,275.43536,0.93606055,-3.2611046,-0.44514596,102330.25,0.9051763,5.714917,0.5247444273735107
2000-01-11 14:00:00,2.0,SE1,4.5,341104.33733974356,437848.8934294872,264.13403,0.99364626,-0.08555403,1.8932498,102978.89,1.0,3.598523,0.5293631369439763
2000-01-11 14:00:00,2.0,SE2,4.5,74714.59375,-110530.609375,264.1717,0.942896,-0.17073688,0.49625492,103109.4,0.98654336,2.5219138,0.5386118501409444
2000-01-11 14:00:00,2.0,SE3,4.5,193514.59375,-585330.6229166667,275.9518,0.81369543,-5.6478124,0.8018363,102647.6,0.8537799,8.051956,0.551341566946173
2000-01-11 14:00:00,2.0,SE4,4.5,-86695.93256578948,-808804.3092105263,276.27075,0.9122525,-4.4543705,-1.1880225,102187.26,0.86798805,7.9843354,0.4674811314876194
2000-01-11 15:00:00,0.0,SE1,4.5,189379.00052966102,329143.98146186443,260.39066,0.8677601,1.0412301,1.4979246,102839.24,0.94799095,3.7290194,0.5075034224741993
2000-01-11 15:00:00,0.0,SE2,4.5,14551.631058304398,39558.280207881224,259.97867,0.8777118,-0.9370517,1.6516604,103045.77,0.9160439,3.8781438,0.5577658385800007
2000-01-11 15:00:00,0.0,SE3,4.5,-2779.5236672794117,-401977.6525735294,271.03018,0.9725947,-2.710839,-0.6211431,102876.016,0.99601406,5.7885976,0.5124430815218238
2000-01-11 15:00:00,0.0,SE4,4.5,72276.49851190476,-681235.3869047619,275.1238,0.92246795,-3.04204,-1.1191431,102527.6,0.6566367,5.4751296,0.5125950810811305
2000-01-11 15:00:00,1.0,SE1,4.5,270273.2144396552,267221.1223060345,262.14038,0.95301217,1.1462978,1.3317487,103002.13,0.96587527,3.7178054,0.5446180482607175
2000-01-11 15:00:00,1.0,SE2,4.5,153139.59375,139836.05729166666,261.4982,0.8495378,0.95258564,1.8720312,103021.21,0.9129539,3.9990153,0.49046944267167353
2000-01-11 15:00:00,1.0,SE3,4.5,-141450.9234913793,-510020.2596982759,274.02063,0.96200967,-2.805066,-0.80423003,102600.26,0.94682753,5.17923,0.4943234362317953
2000-01-11 15:00:00,1.0,SE4,4.5,-130593.5143581081,-697709.0033783783,275.28876,0.9339912,-3.2022269,-0.55454236,102361.84,0.88567626,5.8076735,0.5247444273735107
2000-01-11 15:00:00,2.0,SE1,4.5,341104.33733974356,437848.8934294872,264.14984,0.9925555,0.029958962,2.1269662,102992.38,0.9999998,4.024614,0.5293631369439763
2000-01-11 15:00:00,2.0,SE2,4.5,74714.59375,-110530.609375,263.9338,0.95376,0.041695416,0.61900795,103132.695,0.98695934,2.5791686,0.5386118501409444
2000-01-11 15:00:00,2.0,SE3,4.5,193514.59375,-585330.6229166667,275.57324,0.82273096,-5.5789704,0.8697746,102679.945,0.8534044,7.9869156,0.551341566946173
2000-01-11 15:00:00,2.0,SE4,4.5,-86695.93256578948,-808804.3092105263,276.02985,0.9142378,-4.686553,-1.2284273,102225.984,0.8670953,8.155634,0.4674811314876194
2000-01-11 16:00:00,0.0,SE1,4.5,189379.00052966102,329143.98146186443,260.40445,0.85976785,1.2361048,1.5203872,102860.88,0.9447588,3.8721023,0.5075034224741993
2000-01-11 16:00:00,0.0,SE2,4.5,14551.631058304398,39558.280207881224,259.75415,0.88894343,-0.87422746,1.6938679,103068.805,0.9208686,3.9044642,0.5577658385800007
2000-01-11 16:00:00,0.0,SE3,4.5,-2779.5236672794117,-401977.6525735294,270.98288,0.9749063,-2.598242,-0.7261681,102934.67,0.9990683,5.6306643,0.5124430815218238
2000-01-11 16:00:00,0.0,SE4,4.5,72276.49851190476,-681235.3869047619,274.483,0.92849123,-3.0744529,-1.0793941,102567.19,0.7239742,5.3777394,0.5125950810811305
2000-01-11 16:00:00,1.0,SE1,4.5,270273.2144396552,267221.1223060345,261.864,0.9480677,1.2198576,1.3369855,103011.734,0.9468072,3.7331655,0.5446180482607175
2000-01-11 16:00:00,1.0,SE2,4.5,153139.59375,139836.05729166666,261.3005,0.8609208,1.1356364,1.8947392,103059.12,0.8934673,4.124718,0.49046944267167353
2000-01-11 16:00:00,1.0,SE3,4.5,-141450.9234913793,-510020.2596982759,273.6638,0.96309763,-2.8845882,-0.87473243,102649.35,0.9296756,5.317522,0.4943234362317953
2000-01-11 16:00:00,1.0,SE4,4.5,-130593.5143581081,-697709.0033783783,274.88284,0.9343869,-3.0898955,-0.7550284,102414.195,0.87459147,5.6897454,0.5247444273735107
2000-01-11 16:00:00,2.0,SE1,4.5,341104.33733974356,437848.8934294872,264.1467,0.9909866,-0.08968607,2.3334816,102980.74,0.9999996,4.371123,0.5293631369439763
2000-01-11 16:00:00,2.0,SE2,4.5,74714.59375,-110530.609375,263.6663,0.9592905,0.2559552,0.6265987,103168.42,0.9782367,2.6337905,0.5386118501409444
2000-01-11 16:00:00,2.0,SE3,4.5,193514.59375,-585330.6229166667,275.1911,0.8352457,-5.4137235,0.6286723,102729.9,0.8710153,7.7385855,0.551341566946173
2000-01-11 16:00:00,2.0,SE4,4.5,-86695.93256578948,-808804.3092105263,275.53888,0.92281437,-4.705268,-1.1532934,102265.375,0.8753189,8.324729,0.4674811314876194
2000-01-11 17:00:00,0.0,SE1,4.5,189379.00052966102,329143.98146186443,260.47797,0.85607547,1.4245055,1.62455,102899.45,0.9334268,4.1269956,0.5075034224741993
2000-01-11 17:00:00,0.0,SE2,4.5,14551.631058304398,39558.280207881224,259.68445,0.8964811,-0.8261607,1.7123922,103089.7,0.94001305,3.9672961,0.5577658385800007
2000-01-11 17:00:00,0.0,SE3,4.5,-2779.5236672794117,-401977.6525735294,270.99408,0.9750191,-2.6400533,-0.7454777,102980.69,0.99988186,5.597417,0.5124430815218238
2000-01-11 17:00:00,0.0,SE4,4.5,72276.49851190476,-681235.3869047619,274.15576,0.9300567,-3.0700016,-1.0696118,102615.945,0.76053387,5.470311,0.5125950810811305
2000-01-11 17:00:00,1.0,SE1,4.5,270273.2144396552,267221.1223060345,261.61688,0.9421773,1.654935,1.3335702,103046.445,0.93091226,3.936047,0.5446180482607175
2000-01-11 17:00:00,1.0,SE2,4.5,153139.59375,139836.05729166666,261.21194,0.8723766,1.2574441,1.7569612,103110.414,0.9094222,4.2310705,0.49046944267167353
2000-01-11 17:00:00,1.0,SE3,4.5,-141450.9234913793,-510020.2596982759,273.37943,0.9639075,-2.748392,-0.9803971,102710.79,0.92778444,5.313095,0.4943234362317953
2000-01-11 17:00:00,1.0,SE4,4.5,-130593.5143581081,-697709.0033783783,274.5033,0.93475866,-3.1640594,-0.6852404,102465.9,0.8793408,5.6705256,0.5247444273735107
2000-01-11 17:00:00,2.0,SE1,4.5,341104.33733974356,437848.8934294872,264.12515,0.98854625,0.16943377,2.6341052,102983.67,0.9999189,4.7777,0.5293631369439763
2000-01-11 17:00:00,2.0,SE2,4.5,74714.59375,-110530.609375,263.5311,0.95858467,0.21681221,0.5887641,103189.75,0.97513586,2.6529236,0.5386118501409444
2000-01-11 17:00:00,2.0,SE3,4.5,193514.59375,-585330.6229166667,274.99533,0.8418504,-5.5218678,0.35986322,102782.93,0.87304324,7.6721306,0.551341566946173
2000-01-11 17:00:00,2.0,SE4,4.5,-86695.93256578948,-808804.3092105263,275.17047,0.9278861,-4.635899,-1.0763397,102315.375,0.91127986,8.241767,0.4674811314876194
2000-01-11 18:00:00,0.0,SE1,4.5,189379.00052966102,329143.98146186443,260.63104,0.8551189,1.4758441,1.7193615,102901.81,0.95377475,4.324448,0.5075034224741993
2000-01-11 18:00:00,0.0,SE2,4.5,14551.631058304398,39558.280207881224,259.73648,0.9015881,-0.78249663,1.8264962,103119.11,0.9540794,4.059634,0.5577658385800007
2000-01-11 18:00:00,0.0,SE3,4.5,-2779.5236672794117,-401977.6525735294,271.01974,0.9742169,-2.4127018,-0.8114554,103027.125,0.99993396,5.4927425,0.5124430815218238
2000-01-11 18:00:00,0.0,SE4,4.5,72276.49851190476,-681235.3869047619,274.00284,0.9299389,-3.0006664,-1.1899523,102676.695,0.7687753,5.469979,0.5125950810811305
2000-01-11 18:00:00,1.0,SE1,4.5,270273.2144396552,267221.1223060345,261.4116,0.9345099,1.9731138,1.2775538,103053.836,0.92913085,4.3203497,0.5446180482607175
2000-01-11 18:00:00,1.0,SE2,4.5,153139.59375,139836.05729166666,261.15527,0.88299906,1.1112132,1.7580986,103136.516,0.96126497,4.1961274,0.49046944267167353
2000-01-11 18:00:00,1.0,SE3,4.5,-141450.9234913793,-510020.2596982759,273.19308,0.96436286,-2.8714309,-1.0605026,102767.1,0.9548007,5.337925,0.4943234362317953
2000-01-11 18:00:00,1.0,SE4,4.5,-130593.5143581081,-697709.0033783783,274.20773,0.9343812,-3.2135477,-0.65878826,102526.805,0.91344464,5.7038803,0.5247444273735107
2000-01-11 18:00:00,2.0,SE1,4.5,341104.33733974356,437848.8934294872,263.99896,0.9858536,0.38172472,2.760471,102995.945,0.9995562,5.167754,0.5293631369439763
2000-01-11 18:00:00,2.0,SE2,4.5,74714.59375,-110530.609375,263.405,0.96025425,0.29596695,0.6190743,103241.45,0.9772583,2.625402,0.5386118501409444
2000-01-11 18:00:00,2.0,SE3,4.5,193514.59375,-585330.6229166667,274.9439,0.84507763,-5.838461,0.1143229,102843.36,0.8602412,8.014457,0.551341566946173
2000-01-11 18:00:00,2.0,SE4,4.5,-86695.93256578948,-808804.3092105263,274.9628,0.9302986,-4.6817555,-0.9464933,102367.8,0.9203673,8.211311,0.4674811314876194
2000-01-11 19:00:00,0.0,SE1,4.5,189379.00052966102,329143.98146186443,260.8388,0.85295486,1.6578391,1.7111309,102901.09,0.9782168,4.5466537,0.5075034224741993
2000-01-11 19:00:00,0.0,SE2,4.5,14551.631058304398,39558.280207881224,259.85223,0.90797144,-0.8798658,1.8320978,103145.44,0.97398466,4.2029033,0.5577658385800007
2000-01-11 19:00:00,0.0,SE3,4.5,-2779.5236672794117,-401977.6525735294,271.04456,0.9727688,-2.4759948,-0.74268854,103076.3,0.9997381,5.3321295,0.5124430815218238
2000-01-11 19:00:00,0.0,SE4,4.5,72276.49851190476,-681235.3869047619,273.88077,0.9301024,-2.9703422,-1.154877,102735.47,0.72227,5.3837223,0.5125950810811305
2000-01-11 19:00:00,1.0,SE1,4.5,270273.2144396552,267221.1223060345,261.33987,0.92359465,2.0820682,1.3170369,103038.98,0.96865916,4.59087,0.5446180482607175
2000-01-11 19:00:00,1.0,SE2,4.5,153139.59375,139836.05729166666,261.20337,0.8926315,0.95868546,1.9077451,103164.49,0.97767514,4.253358,0.49046944267167353
2000-01-11 19:00:00,1.0,SE3,4.5,-141450.9234913793,-510020.2596982759,273.064,0.96439797,-3.0239007,-1.0442568,102819.42,0.9749394,5.653837,0.4943234362317953
2000-01-11 19:00:00,1.0,SE4,4.5,-130593.5143581081,-697709.0033783783,273.9774,0.9340663,-3.540382,-0.52202153,102574.81,0.9254395,6.0620036,0.5247444273735107
2000-01-11 19:00:00,2.0,SE1,4.5,341104.33733974356,437848.8934294872,263.74374,0.9835132,0.35524046,2.655931,102990.34,0.9966665,5.206332,0.5293631369439763
2000-01-11 19:00:00,2.0,SE2,4.5,74714.59375,-110530.609375,263.39563,0.9615188,0.19909929,0.7114102,103287.23,0.975997,2.760902,0.5386118501409444
2000-01-11 19:00:00,2.0,SE3,4.5,193514.59375,-585330.6229166667,274.94415,0.8470436,-6.4259534,0.24595588,102886.99,0.80376774,8.705655,0.551341566946173
2000-01-11 19:00:00,2.0,SE4,4.5,-86695.93256578948,-808804.3092105263,274.829,0.93167853,-4.778961,-0.74392784,102428.516,0.90558213,8.238678,0.4674811314876194
2000-01-11 20:00:00,0.0,SE1,4.5,189379.00052966102,329143.98146186443,261.1804,0.84532917,1.8949423,1.7125475,102901.05,0.9760068,4.8194137,0.5075034224741993
2000-01-11 20:00:00,0.0,SE2,4.5,14551.631058304398,39558.280207881224,260.03354,0.91252816,-0.78982055,1.8282121,103187.43,0.98820776,4.359144,0.5577658385800007
2000-01-11 20:00:00,0.0,SE3,4.5,-2779.5236672794117,-401977.6525735294,271.09555,0.9710803,-2.6569917,-0.6701776,103125.945,0.99975175,5.452878,0.5124430815218238
2000-01-11 20:00:00,0.0,SE4,4.5,72276.49851190476,-681235.3869047619,273.77686,0.9299612,-2.9169028,-1.0474952,102806.53,0.68866485,5.292504,0.5125950810811305
2000-01-11 20:00:00,1.0,SE1,4.5,270273.2144396552,267221.1223060345,261.37772,0.91434103,2.048535,1.4034548,103038.43,0.97728544,4.7638564,0.5446180482607175
2000-01-11 20:00:00,1.0,SE2,4.5,153139.59375,139836.05729166666,261.32077,0.9008894,0.94418114,2.0502985,103184.81,0.9810726,4.4239516,0.49046944267167353
2000-01-11 20:00:00,1.0,SE3,4.5,-141450.9234913793,-510020.2596982759,272.98215,0.96352094,-3.0873897,-1.0050246,102872.99,0.97826105,5.8532534,0.4943234362317953
2000-01-11 20:00:00,1.0,SE4,4.5,-130593.5143581081,-697709.0033783783,273.7814,0.93272895,-3.7197373,-0.30013272,102629.414,0.95965487,6.4552217,0.5247444273735107
2000-01-11 20:00:00,2.0,SE1,4.5,341104.33733974356,437848.8934294872,263.42087,0.9821382,0.19251244,2.6354644,102983.88,0.9964913,5.0843973,0.5293631369439763
2000-01-11 20:00:00,2.0,SE2,4.5,74714.59375,-110530.609375,263.44574,0.9643986,0.16605999,0.83886826,103326.31,0.9870165,2.7525105,0.5386118501409444
2000-01-11 20:00:00,2.0,SE3,4.5,193514.59375,-585330.6229166667,274.9855,0.8473157,-6.697899,0.64211804,102942.016,0.72972333,9.188788,0.551341566946173
2000-01-11 20:00:00,2.0,SE4,4.5,-86695.93256578948,-808804.3092105263,274.81958,0.9300218,-4.94176,-0.4975801,102491.54,0.8856927,8.391668,0.4674811314876194
2000-01-11 21:00:00,0.0,SE1,4.5,189379.00052966102,329143.98146186443,261.54782,0.83681583,2.0906484,1.678733,102912.49,0.96699554,5.125688,0.5075034224741993
2000-01-11 21:00:00,0.0,SE2,4.5,14551.631058304398,39558.280207881224,260.2199,0.9209896,-0.728112,1.8912442,103232.42,0.97800505,4.4001694,0.5577658385800007
2000-01-11 21:00:00,0.0,SE3,4.5,-2779.5236672794117,-401977.6525735294,271.16193,0.9687764,-2.8186586,-0.53560907,103188.1,0.9999695,5.6868696,0.5124430815218238
2000-01-11 21:00:00,0.0,SE4,4.5,72276.49851190476,-681235.3869047619,273.73813,0.9284858,-2.9694197,-0.8458662,102891.125,0.7318363,5.269786,0.5125950810811305
2000-01-11 21:00:00,1.0,SE1,4.5,270273.2144396552,267221.1223060345,261.48724,0.9057238,2.1372218,1.4685967,103048.21,0.9678876,4.9795494,0.5446180482607175
2000-01-11 21:00:00,1.0,SE2,4.5,153139.59375,139836.05729166666,261.50613,0.9077637,1.2435025,2.1075482,103210.88,0.98905766,4.651509,0.49046944267167353
2000-01-11 21:00:00,1.0,SE3,4.5,-141450.9234913793,-510020.2596982759,272.90515,0.960517,-3.1510258,-0.98014224,102938.68,0.96187365,5.9753714,0.4943234362317953
2000-01-11 21:00:00,1.0,SE4,4.5,-130593.5143581081,-697709.0033783783,273.6331,0.9311387,-3.9343274,-0.08181751,102687.19,0.9525491,6.796359,0.5247444273735107
2000-01-11 21:00:00,2.0,SE1,4.5,341104.33733974356,437848.8934294872,263.08575,0.9812713,0.10770561,2.7290459,102985.984,0.99346733,5.1313314,0.5293631369439763
2000-01-11 21:00:00,2.0,SE2,4.5,74714.59375,-110530.609375,263.51962,0.9655558,0.3515813,0.9248709,103369.0,0.99631226,2.816451,0.5386118501409444
2000-01-11 21:00:00,2.0,SE3,4.5,193514.59375,-585330.6229166667,274.98654,0.8480361,-6.6468444,0.92360353,103029.56,0.7489174,9.353375,0.551341566946173
2000-01-11 21:00:00,2.0,SE4,4.5,-86695.93256578948,-808804.3092105263,274.8885,0.926148,-5.222299,-0.21251707,102563.86,0.90836585,8.735607,0.4674811314876194
2000-01-11 22:00:00,0.0,SE1,4.5,189379.00052966102,329143.98146186443,261.88037,0.83107144,2.2883174,1.6853235,102925.93,0.97285545,5.3777914,0.5075034224741993
2000-01-11 22:00:00,0.0,SE2,4.5,14551.631058304398,39558.280207881224,260.47485,0.9284309,-0.598565,1.7959176,103275.766,0.9416919,4.3806086,0.5577658385800007
2000-01-11 22:00:00,0.0,SE3,4.5,-2779.5236672794117,-401977.6525735294,271.235,0.9670751,-2.7319033,-0.38783035,103255.63,0.9997817,5.6833205,0.5124430815218238
2000-01-11 22:00:00,0.0,SE4,4.5,72276.49851190476,-681235.3869047619,273.75055,0.9263926,-3.0497434,-0.6652564,102965.41,0.79344404,5.2916956,0.5125950810811305
2000-01-11 22:00:00,1.0,SE1,4.5,270273.2144396552,267221.1223060345,261.65466,0.8994241,2.0919836,1.5411456,103067.32,0.9760122,5.2063127,0.5446180482607175
2000-01-11 22:00:00,1.0,SE2,4.5,153139.59375,139836.05729166666,261.72134,0.91125184,1.4012883,2.0722337,103247.83,0.9942003,4.9001627,0.49046944267167353
2000-01-11 22:00:00,1.0,SE3,4.5,-141450.9234913793,-510020.2596982759,272.84567,0.95731574,-3.1304815,-1.0533555,103017.8,0.9644007,6.0248094,0.4943234362317953
2000-01-11 22:00:00,1.0,SE4,4.5,-130593.5143581081,-697709.0033783783,273.5617,0.9291617,-4.061303,0.09666419,102753.5,0.92736745,7.1721554,0.5247444273735107
2000-01-11 22:00:00,2.0,SE1,4.5,341104.33733974356,437848.8934294872,262.73026,0.9796092,0.30111912,2.800552,103003.1,0.9765548,5.220226,0.5293631369439763
2000-01-11 22:00:00,2.0,SE2,4.5,74714.59375,-110530.609375,263.57263,0.9633887,0.5454436,0.9221262,103414.875,0.9956186,3.0414777,0.5386118501409444
2000-01-11 22:00:00,2.0,SE3,4.5,193514.59375,-585330.6229166667,274.95166,0.8471942,-6.590482,1.2587808,103114.61,0.76649296,9.335033,0.551341566946173
2000-01-11 22:00:00,2.0,SE4,4.5,-86695.93256578948,-808804.3092105263,275.00385,0.92028266,-5.478972,0.10103955,102631.016,0.93847775,9.19195,0.4674811314876194
2000-01-11 23:00:00,0.0,SE1,4.5,189379.00052966102,329143.98146186443,262.14743,0.827578,2.3394847,1.6269686,102959.42,0.9607484,5.5765343,0.5075034224741993
2000-01-11 23:00:00,0.0,SE2,4.5,14551.631058304398,39558.280207881224,260.70932,0.93311113,-0.40647793,1.8126707,103310.93,0.9081354,4.320382,0.5577658385800007
2000-01-11 23:00:00,0.0,SE3,4.5,-2779.5236672794117,-401977.6525735294,271.31393,0.965304,-2.4547794,-0.25101826,103331.78,0.99994427,5.3769293,0.5124430815218238
2000-01-11 23:00:00,0.0,SE4,4.5,72276.49851190476,-681235.3869047619,273.83582,0.9232282,-3.206455,-0.48911214,103024.19,0.7807926,5.410184,0.5125950810811305
2000-01-11 23:00:00,1.0,SE1,4.5,270273.2144396552,267221.1223060345,261.81122,0.89507324,2.1275985,1.634306,103099.305,0.9772128,5.310371,0.5446180482607175
2000-01-11 23:00:00,1.0,SE2,4.5,153139.59375,139836.05729166666,261.99353,0.91249996,1.6047295,2.0962515,103283.2,0.9929551,5.142874,0.49046944267167353
2000-01-11 23:00:00,1.0,SE3,4.5,-141450.9234913793,-510020.2596982759,272.7955,0.9548726,-3.1990187,-1.1027411,103102.266,0.9773003,6.1007724,0.4943234362317953
2000-01-11 23:00:00,1.0,SE4,4.5,-130593.5143581081,-697709.0033783783,273.50308,0.9292212,-4.0309563,0.08430418,102841.2,0.9012647,7.2518697,0.5247444273735107
2000-01-11 23:00:00,2.0,SE1,4.5,341104.33733974356,437848.8934294872,262.30762,0.97780174,0.33776703,2.6914763,103019.32,0.94562584,5.18247,0.5293631369439763
2000-01-11 23:00:00,2.0,SE2,4.5,74714.59375,-110530.609375,263.6177,0.9595065,0.6941691,0.98032874,103458.445,0.9891957,3.1864119,0.5386118501409444
2000-01-11 23:00:00,2.0,SE3,4.5,193514.59375,-585330.6229166667,274.89227,0.84662515,-6.498648,1.6857126,103182.37,0.7563113,9.380075,0.551341566946173
2000-01-11 23:00:00,2.0,SE4,4.5,-86695.93256578948,-808804.3092105263,275.0553,0.91614234,-5.532403,0.3121044,102700.91,0.92835444,9.469492,0.4674811314876194
